{"stats":{"minecraft:custom":{"minecraft:mob_kills":31,"minecraft:interact_with_crafting_table":21,"minecraft:leave_game":4,"minecraft:time_since_death":26769,"minecraft:climb_one_cm":3511,"minecraft:sprint_one_cm":243626,"minecraft:walk_one_cm":201858,"minecraft:drop":64,"minecraft:play_noteblock":1,"minecraft:talked_to_villager":1,"minecraft:play_time":78768,"minecraft:deaths":3,"minecraft:sneak_time":4895,"minecraft:walk_under_water_one_cm":888,"minecraft:jump":1287,"minecraft:walk_on_water_one_cm":4757,"minecraft:total_world_time":78768,"minecraft:interact_with_furnace":32,"minecraft:sleep_in_bed":2,"minecraft:time_since_rest":26802,"minecraft:damage_taken":1911,"minecraft:damage_dealt":5233,"minecraft:swim_one_cm":5366,"minecraft:fly_one_cm":219179,"minecraft:open_chest":64,"minecraft:crouch_one_cm":10731,"minecraft:fall_one_cm":29001,"minecraft:horse_one_cm":2024},"minecraft:picked_up":{"minecraft:crafting_table":3,"minecraft:wheat":19,"minecraft:enchanted_book":2,"minecraft:amethyst_block":5,"minecraft:cornflower":5,"minecraft:raw_copper":27,"minecraft:iron_axe":3,"minecraft:iron_leggings":2,"minecraft:iron_shovel":1,"minecraft:experience_bottle":1,"minecraft:zombie_head":4,"minecraft:beetroot":2,"minecraft:calcite":1,"minecraft:iron_pickaxe":1,"minecraft:enchanted_golden_apple":1,"minecraft:sugar_cane":11,"minecraft:chest":2,"minecraft:iron_boots":5,"minecraft:furnace":3,"minecraft:stick":7,"minecraft:raw_iron":39,"minecraft:oak_fence":57,"minecraft:torch":31,"minecraft:note_block":1,"minecraft:carrot":14,"minecraft:redstone":12,"minecraft:stone_sword":4,"minecraft:rotten_flesh":15,"minecraft:beetroot_seeds":4,"create:ochrum":58,"minecraft:hay_block":18,"minecraft:mangrove_roots":1,"minecraft:saddle":2,"minecraft:brick_stairs":1,"minecraft:mutton":13,"minecraft:cobblestone":50,"minecraft:white_wool":11,"minecraft:skeleton_skull":3,"minecraft:bone_block":15,"minecraft:stripped_oak_log":2,"create_dd:raw_tin":3,"minecraft:black_bed":1,"create_dd:coal_piece":16,"create_dd:weathered_limestone":2,"minecraft:potato":14,"minecraft:flint":3,"create:raw_zinc":20,"minecraft:tuff":3,"minecraft:oak_log":41,"minecraft:yellow_bed":1,"minecraft:gunpowder":1,"minecraft:lapis_lazuli":52,"minecraft:dirt":52,"minecraft:stripped_birch_log":1,"minecraft:cooked_mutton":28,"affinity:wispen_testament":1,"minecraft:wheat_seeds":61,"minecraft:iron_ingot":14,"minecraft:stone_pickaxe":4,"minecraft:iron_sword":1,"minecraft:oak_planks":168,"minecraft:book":12,"minecraft:smooth_basalt":3,"minecraft:pumpkin":2,"minecraft:amethyst_shard":4,"minecraft:dark_oak_log":2,"minecraft:mossy_cobblestone":9,"minecraft:oak_wood":15,"minecraft:pumpkin_seeds":7,"minecraft:stone_axe":3,"minecraft:granite":5,"minecraft:gray_wool":3,"minecraft:mossy_cobblestone_stairs":3,"minecraft:emerald":1,"minecraft:bread":108,"minecraft:black_wool":3,"minecraft:bricks":1,"minecraft:coal":20,"minecraft:sunflower":6},"minecraft:mined":{"minecraft:attached_pumpkin_stem":1,"create:zinc_ore":20,"minecraft:large_amethyst_bud":2,"minecraft:tuff":1,"minecraft:mossy_cobblestone":4,"minecraft:dark_oak_log":2,"minecraft:stripped_birch_log":1,"minecraft:mangrove_roots":1,"minecraft:granite":5,"minecraft:grass_block":9,"minecraft:brick_stairs":1,"create:ochrum":26,"minecraft:redstone_wire":2,"minecraft:spawner":2,"minecraft:hay_block":18,"minecraft:redstone_ore":2,"minecraft:carrots":4,"minecraft:furnace":3,"minecraft:mossy_cobblestone_stairs":1,"minecraft:iron_ore":40,"minecraft:pumpkin":2,"minecraft:bookshelf":4,"minecraft:potatoes":15,"minecraft:stripped_oak_log":2,"minecraft:azalea_leaves":3,"minecraft:stone":34,"minecraft:bone_block":15,"create_dd:weathered_limestone":2,"minecraft:amethyst_cluster":1,"minecraft:oak_fence":1,"minecraft:crafting_table":3,"minecraft:cornflower":2,"minecraft:note_block":1,"minecraft:calcite":1,"minecraft:oak_wood":18,"minecraft:chest":2,"minecraft:dead_bush":1,"minecraft:copper_ore":7,"minecraft:cobblestone":13,"minecraft:tall_grass":4,"minecraft:deepslate_coal_ore":4,"minecraft:oak_planks":1,"minecraft:lapis_ore":7,"minecraft:sugar_cane":6,"minecraft:bricks":1,"minecraft:wall_torch":1,"minecraft:amethyst_block":5,"minecraft:skeleton_skull":1,"minecraft:wheat":21,"minecraft:birch_leaves":2,"minecraft:black_bed":1,"minecraft:yellow_bed":1,"minecraft:yellow_stained_glass_pane":2,"minecraft:grass":36,"minecraft:coal_ore":12,"minecraft:oak_log":31,"minecraft:beetroots":2,"minecraft:zombie_head":1,"minecraft:sunflower":3,"minecraft:dripstone_block":2,"minecraft:dirt":5,"minecraft:smooth_basalt":3,"create_dd:tin_ore":3},"minecraft:killed_by":{"minecraft:creeper":1,"minecraft:zombie":2},"minecraft:killed":{"minecraft:creeper":3,"minecraft:sheep":8,"minecraft:zombie":20},"minecraft:crafted":{"minecraft:oak_planks":188,"minecraft:furnace":2,"minecraft:white_carpet":3,"minecraft:stone_pickaxe":3,"minecraft:chest":2,"minecraft:dark_oak_planks":8,"minecraft:oak_fence":48,"minecraft:wheat":99,"minecraft:crafting_table":2,"minecraft:iron_helmet":1,"minecraft:wooden_pickaxe":1,"minecraft:dark_oak_button":8,"minecraft:stone_axe":1,"minecraft:bread":36,"minecraft:air":0,"minecraft:iron_chestplate":1,"minecraft:shield":3,"minecraft:stick":48,"minecraft:iron_ingot":25,"minecraft:stone_sword":1,"minecraft:torch":16},"minecraft:used":{"minecraft:oak_fence":21,"minecraft:stone_sword":23,"minecraft:redstone":1,"minecraft:chest":3,"minecraft:iron_sword":35,"minecraft:stone":1,"minecraft:torch":23,"create:ochrum":2,"minecraft:dirt":31,"minecraft:white_carpet":3,"minecraft:granite":4,"minecraft:iron_axe":26,"minecraft:hay_block":3,"minecraft:furnace":5,"minecraft:cooked_mutton":7,"minecraft:stone_pickaxe":116,"minecraft:oak_planks":3,"minecraft:wooden_pickaxe":11,"minecraft:crafting_table":3,"minecraft:black_bed":1,"minecraft:sunflower":1,"minecraft:bread":13,"minecraft:iron_pickaxe":94,"minecraft:stone_axe":100,"minecraft:cobblestone":3,"minecraft:gray_wool":1},"minecraft:dropped":{"minecraft:enchanted_book":2,"minecraft:bread":37,"minecraft:wheat_seeds":41,"minecraft:mossy_cobblestone":3,"minecraft:dark_oak_button":8,"minecraft:granite":1,"minecraft:emerald":1,"minecraft:stick":5,"minecraft:torch":5,"minecraft:cornflower":5,"minecraft:zombie_head":1,"minecraft:iron_leggings":1,"minecraft:pumpkin":2,"minecraft:sunflower":4,"minecraft:iron_axe":1,"minecraft:mossy_cobblestone_stairs":1,"minecraft:smooth_basalt":3,"minecraft:note_block":1,"minecraft:bricks":1,"minecraft:mangrove_roots":1,"minecraft:stone_sword":2,"minecraft:tuff":1,"minecraft:wheat":4,"minecraft:beetroot":2,"minecraft:rotten_flesh":12,"minecraft:iron_boots":2,"minecraft:enchanted_golden_apple":1,"minecraft:cooked_mutton":7,"minecraft:pumpkin_seeds":7,"minecraft:carrot":15,"affinity:wispen_testament":1,"minecraft:potato":15,"minecraft:shield":2,"minecraft:gunpowder":1,"minecraft:brick_stairs":1,"create_dd:weathered_limestone":2,"minecraft:skeleton_skull":1,"minecraft:beetroot_seeds":4,"minecraft:stone_bricks":1,"minecraft:stone_pickaxe":4,"minecraft:calcite":1}},"DataVersion":3465}