{"stats":{"minecraft:custom":{"minecraft:mob_kills":18,"minecraft:interact_with_crafting_table":9,"minecraft:leave_game":3,"minecraft:time_since_death":2966,"minecraft:climb_one_cm":3511,"minecraft:sprint_one_cm":165032,"minecraft:walk_one_cm":122147,"minecraft:drop":31,"minecraft:play_noteblock":1,"minecraft:talked_to_villager":1,"minecraft:play_time":54965,"minecraft:deaths":3,"minecraft:sneak_time":2917,"minecraft:walk_under_water_one_cm":888,"minecraft:jump":937,"minecraft:walk_on_water_one_cm":4757,"minecraft:total_world_time":54965,"minecraft:interact_with_furnace":7,"minecraft:sleep_in_bed":2,"minecraft:time_since_rest":2999,"minecraft:damage_taken":1325,"minecraft:damage_dealt":2419,"minecraft:swim_one_cm":5366,"minecraft:fly_one_cm":181811,"minecraft:open_chest":38,"minecraft:crouch_one_cm":5993,"minecraft:fall_one_cm":24093,"minecraft:horse_one_cm":2024},"minecraft:picked_up":{"minecraft:crafting_table":2,"minecraft:wheat":19,"minecraft:cornflower":5,"minecraft:iron_axe":2,"minecraft:iron_leggings":1,"minecraft:iron_shovel":1,"minecraft:experience_bottle":1,"minecraft:zombie_head":4,"minecraft:beetroot":2,"minecraft:sugar_cane":11,"minecraft:chest":2,"minecraft:iron_boots":3,"minecraft:furnace":1,"minecraft:stick":7,"minecraft:oak_fence":57,"minecraft:torch":30,"minecraft:note_block":1,"minecraft:carrot":14,"minecraft:redstone":2,"minecraft:stone_sword":3,"minecraft:rotten_flesh":9,"minecraft:beetroot_seeds":4,"create:ochrum":48,"minecraft:hay_block":18,"minecraft:mangrove_roots":1,"minecraft:saddle":2,"minecraft:brick_stairs":1,"minecraft:mutton":13,"minecraft:cobblestone":17,"minecraft:white_wool":11,"minecraft:skeleton_skull":3,"minecraft:bone_block":15,"minecraft:stripped_oak_log":2,"minecraft:black_bed":1,"create_dd:weathered_limestone":2,"minecraft:potato":14,"minecraft:flint":3,"minecraft:tuff":3,"minecraft:oak_log":41,"minecraft:yellow_bed":1,"minecraft:dirt":52,"minecraft:stripped_birch_log":1,"minecraft:cooked_mutton":28,"affinity:wispen_testament":1,"minecraft:wheat_seeds":61,"minecraft:iron_ingot":1,"minecraft:stone_pickaxe":2,"minecraft:oak_planks":167,"minecraft:book":12,"minecraft:pumpkin":2,"minecraft:dark_oak_log":2,"minecraft:mossy_cobblestone":9,"minecraft:oak_wood":15,"minecraft:pumpkin_seeds":7,"minecraft:stone_axe":3,"minecraft:granite":5,"minecraft:gray_wool":3,"minecraft:mossy_cobblestone_stairs":3,"minecraft:bread":108,"minecraft:black_wool":3,"minecraft:bricks":1,"minecraft:sunflower":6},"minecraft:mined":{"minecraft:attached_pumpkin_stem":1,"minecraft:tuff":1,"minecraft:mossy_cobblestone":4,"minecraft:dark_oak_log":2,"minecraft:stripped_birch_log":1,"minecraft:mangrove_roots":1,"minecraft:granite":5,"minecraft:grass_block":9,"minecraft:brick_stairs":1,"create:ochrum":16,"minecraft:redstone_wire":2,"minecraft:spawner":1,"minecraft:hay_block":18,"minecraft:carrots":4,"minecraft:furnace":1,"minecraft:mossy_cobblestone_stairs":1,"minecraft:pumpkin":2,"minecraft:bookshelf":4,"minecraft:potatoes":15,"minecraft:stripped_oak_log":2,"minecraft:azalea_leaves":3,"minecraft:stone":1,"minecraft:bone_block":15,"create_dd:weathered_limestone":2,"minecraft:oak_fence":1,"minecraft:crafting_table":2,"minecraft:cornflower":2,"minecraft:note_block":1,"minecraft:oak_wood":18,"minecraft:chest":2,"minecraft:dead_bush":1,"minecraft:cobblestone":13,"minecraft:tall_grass":4,"minecraft:sugar_cane":6,"minecraft:bricks":1,"minecraft:skeleton_skull":1,"minecraft:wheat":21,"minecraft:birch_leaves":2,"minecraft:black_bed":1,"minecraft:yellow_bed":1,"minecraft:yellow_stained_glass_pane":2,"minecraft:grass":36,"minecraft:oak_log":31,"minecraft:beetroots":2,"minecraft:zombie_head":1,"minecraft:sunflower":3,"minecraft:dirt":5},"minecraft:killed_by":{"minecraft:creeper":1,"minecraft:zombie":2},"minecraft:killed":{"minecraft:sheep":8,"minecraft:zombie":10},"minecraft:crafted":{"minecraft:oak_planks":188,"minecraft:white_carpet":3,"minecraft:stone_pickaxe":2,"minecraft:chest":1,"minecraft:dark_oak_planks":8,"minecraft:oak_fence":48,"minecraft:wheat":99,"minecraft:crafting_table":1,"minecraft:wooden_pickaxe":1,"minecraft:dark_oak_button":8,"minecraft:stone_axe":1,"minecraft:bread":36,"minecraft:stick":44,"minecraft:stone_sword":1},"minecraft:dropped":{"minecraft:bread":37,"minecraft:wheat_seeds":32,"minecraft:dark_oak_button":8,"minecraft:granite":1,"minecraft:stick":5,"minecraft:cornflower":5,"minecraft:pumpkin":2,"minecraft:sunflower":4,"minecraft:note_block":1,"minecraft:bricks":1,"minecraft:mangrove_roots":1,"minecraft:wheat":4,"minecraft:beetroot":2,"minecraft:rotten_flesh":1,"minecraft:cooked_mutton":7,"minecraft:pumpkin_seeds":7,"minecraft:carrot":13,"affinity:wispen_testament":1,"minecraft:potato":14,"minecraft:brick_stairs":1,"create_dd:weathered_limestone":2,"minecraft:beetroot_seeds":4,"minecraft:stone_bricks":1},"minecraft:used":{"minecraft:oak_fence":21,"minecraft:stone_sword":23,"minecraft:redstone":1,"minecraft:chest":2,"minecraft:stone":1,"minecraft:torch":10,"minecraft:dirt":20,"minecraft:white_carpet":3,"minecraft:granite":4,"minecraft:iron_axe":8,"minecraft:hay_block":3,"minecraft:furnace":1,"minecraft:cooked_mutton":2,"minecraft:stone_pickaxe":54,"minecraft:wooden_pickaxe":11,"minecraft:crafting_table":2,"minecraft:black_bed":1,"minecraft:sunflower":1,"minecraft:bread":7,"minecraft:stone_axe":98,"minecraft:gray_wool":1}},"DataVersion":3465}