{"stats":{"minecraft:custom":{"minecraft:mob_kills":41,"minecraft:animals_bred":3,"minecraft:interact_with_crafting_table":26,"minecraft:leave_game":1,"minecraft:time_since_death":23892,"minecraft:climb_one_cm":4001,"minecraft:sprint_one_cm":432331,"minecraft:walk_one_cm":230122,"minecraft:damage_blocked_by_shield":25,"minecraft:drop":24,"minecraft:talked_to_villager":7,"minecraft:play_time":102443,"minecraft:deaths":4,"minecraft:sneak_time":2226,"minecraft:walk_under_water_one_cm":1354,"minecraft:jump":1445,"minecraft:walk_on_water_one_cm":7110,"minecraft:total_world_time":102443,"minecraft:interact_with_furnace":41,"minecraft:tune_noteblock":14,"minecraft:sleep_in_bed":3,"minecraft:time_since_rest":23916,"minecraft:damage_taken":2249,"minecraft:damage_dealt":7430,"minecraft:swim_one_cm":3625,"minecraft:fly_one_cm":245596,"minecraft:open_chest":95,"minecraft:crouch_one_cm":4219,"minecraft:fall_one_cm":30668,"minecraft:horse_one_cm":92759},"minecraft:picked_up":{"minecraft:wheat":13,"minecraft:brown_mushroom":1,"minecraft:brown_bed":1,"minecraft:enchanted_book":4,"minecraft:brewing_stand":1,"minecraft:shield":1,"minecraft:cornflower":6,"minecraft:string":1,"minecraft:iron_axe":3,"minecraft:zombie_head":1,"minecraft:experience_bottle":2,"minecraft:cobbled_deepslate":5,"minecraft:azalea":2,"minecraft:enchanted_golden_apple":1,"minecraft:sugar_cane":5,"minecraft:chest":1,"minecraft:iron_boots":4,"minecraft:egg":2,"minecraft:stick":16,"minecraft:raw_iron":31,"minecraft:torch":70,"minecraft:carrot":8,"minecraft:dark_oak_planks":4,"minecraft:purple_candle":3,"minecraft:stone_sword":4,"minecraft:rotten_flesh":59,"create:ochrum":2,"minecraft:hay_block":12,"minecraft:glow_berries":1,"minecraft:mutton":4,"minecraft:cobblestone":46,"minecraft:skeleton_skull":3,"minecraft:bone_block":41,"minecraft:white_wool":5,"create_dd:raw_tin":2,"minecraft:red_mushroom":2,"minecraft:flint":1,"minecraft:oak_log":117,"minecraft:gunpowder":3,"minecraft:lapis_lazuli":30,"minecraft:dirt":10,"minecraft:cooked_mutton":14,"affinity:wispen_testament":1,"minecraft:apple":8,"minecraft:wheat_seeds":37,"minecraft:iron_ingot":10,"minecraft:stone_pickaxe":5,"minecraft:gray_bed":2,"minecraft:oak_planks":127,"minecraft:soul_sand":6,"minecraft:polished_andesite_stairs":2,"minecraft:gravel":2,"minecraft:oak_wood":15,"minecraft:diamond_shovel":2,"minecraft:pumpkin_seeds":2,"minecraft:diamond":4,"minecraft:soul_lantern":1,"minecraft:stone_axe":2,"minecraft:iron_helmet":2,"minecraft:emerald":1,"minecraft:bread":97,"minecraft:dark_oak_wood":2,"minecraft:coal":39,"minecraft:sunflower":3},"minecraft:mined":{"minecraft:deepslate_diamond_ore":4,"minecraft:purple_candle":2,"minecraft:brewing_stand":1,"minecraft:glow_lichen":1,"minecraft:grass_block":6,"create:ochrum":1,"minecraft:spawner":7,"minecraft:large_fern":7,"minecraft:hay_block":12,"minecraft:iron_ore":31,"minecraft:deepslate_lapis_ore":2,"minecraft:brown_bed":1,"minecraft:azalea_leaves":8,"minecraft:azalea":1,"minecraft:stone":40,"minecraft:bone_block":43,"minecraft:soul_sand":6,"minecraft:soul_lantern":1,"minecraft:cornflower":1,"minecraft:torch":2,"minecraft:dark_oak_wood":3,"minecraft:emerald_ore":1,"minecraft:oak_wood":19,"minecraft:polished_andesite_stairs":1,"minecraft:chest":1,"minecraft:cobblestone":1,"minecraft:tall_grass":8,"minecraft:lapis_ore":3,"minecraft:oak_planks":5,"minecraft:sugar_cane":3,"minecraft:wall_torch":3,"minecraft:skeleton_skull":1,"minecraft:wheat":12,"minecraft:gray_bed":2,"minecraft:grass":58,"minecraft:oak_log":96,"minecraft:coal_ore":28,"minecraft:zombie_head":1,"minecraft:sunflower":6,"minecraft:gravel":3,"minecraft:dirt":3,"minecraft:deepslate":5,"create_dd:tin_ore":2},"minecraft:broken":{"minecraft:stone_pickaxe":1,"minecraft:stone_axe":1},"minecraft:killed_by":{"minecraft:zombie":4},"minecraft:killed":{"minecraft:witch":1,"minecraft:spider":2,"minecraft:bat":1,"minecraft:sheep":3,"minecraft:zombie":34},"minecraft:crafted":{"minecraft:oak_planks":72,"minecraft:cooked_mutton":16,"minecraft:stone_pickaxe":1,"minecraft:dark_oak_planks":8,"create_dd:coal_piece":16,"minecraft:wheat":108,"minecraft:crafting_table":1,"minecraft:wooden_pickaxe":1,"minecraft:iron_sword":2,"minecraft:bucket":1,"minecraft:stone_axe":1,"minecraft:air":0,"minecraft:bread":21,"minecraft:iron_chestplate":1,"minecraft:wooden_hoe":1,"minecraft:charcoal":6,"minecraft:stick":40,"minecraft:iron_ingot":23,"minecraft:iron_pickaxe":2,"minecraft:stone_sword":1,"minecraft:iron_leggings":1,"minecraft:torch":104},"minecraft:dropped":{"minecraft:bread":29,"minecraft:iron_sword":1,"minecraft:saddle":1,"minecraft:emerald":1,"minecraft:torch":18,"minecraft:cornflower":2,"minecraft:sunflower":1,"minecraft:iron_axe":1,"minecraft:iron_pickaxe":1,"minecraft:white_wool":1,"create:ochrum":1,"minecraft:stone_sword":2,"minecraft:cobbled_deepslate":3,"minecraft:rotten_flesh":4,"minecraft:enchanted_golden_apple":1,"minecraft:iron_boots":2,"minecraft:cooked_mutton":7,"minecraft:pumpkin_seeds":1,"minecraft:skeleton_skull":1,"create_dd:coal_piece":16,"minecraft:stone_pickaxe":1},"minecraft:used":{"minecraft:azalea":2,"minecraft:stone_sword":99,"minecraft:purple_candle":3,"minecraft:iron_shovel":11,"minecraft:chest":1,"minecraft:shield":2,"minecraft:iron_sword":18,"minecraft:torch":73,"minecraft:dirt":6,"minecraft:carrot":1,"minecraft:iron_axe":86,"minecraft:polished_andesite_stairs":1,"minecraft:gray_bed":2,"minecraft:egg":2,"minecraft:potato":6,"minecraft:iron_leggings":1,"minecraft:wheat_seeds":22,"minecraft:cooked_mutton":7,"minecraft:water_bucket":1,"minecraft:stone_pickaxe":140,"minecraft:oak_planks":16,"minecraft:wooden_pickaxe":13,"minecraft:glow_berries":1,"minecraft:crafting_table":2,"minecraft:oak_log":4,"minecraft:wooden_hoe":92,"minecraft:cornflower":1,"minecraft:apple":14,"minecraft:sunflower":1,"minecraft:zombie_head":1,"minecraft:bread":16,"minecraft:iron_pickaxe":29,"minecraft:gravel":2,"minecraft:soul_lantern":1,"minecraft:stone_axe":139,"minecraft:cobblestone":20,"minecraft:bucket":1,"minecraft:experience_bottle":1}},"DataVersion":3465}