{"stats":{"minecraft:custom":{"minecraft:interact_with_furnace":16,"minecraft:mob_kills":25,"minecraft:animals_bred":3,"minecraft:interact_with_crafting_table":16,"minecraft:tune_noteblock":14,"minecraft:time_since_death":532,"minecraft:sleep_in_bed":3,"minecraft:climb_one_cm":4001,"minecraft:time_since_rest":556,"minecraft:sprint_one_cm":306816,"minecraft:damage_taken":1944,"minecraft:walk_one_cm":166996,"minecraft:drop":9,"minecraft:damage_dealt":4648,"minecraft:talked_to_villager":7,"minecraft:swim_one_cm":3625,"minecraft:fly_one_cm":214888,"minecraft:open_chest":70,"minecraft:crouch_one_cm":1979,"minecraft:play_time":79083,"minecraft:deaths":4,"minecraft:sneak_time":1597,"minecraft:walk_under_water_one_cm":1354,"minecraft:jump":1115,"minecraft:walk_on_water_one_cm":7110,"minecraft:total_world_time":79083,"minecraft:fall_one_cm":25727,"minecraft:horse_one_cm":92759},"minecraft:picked_up":{"create_dd:raw_tin":2,"minecraft:wheat":13,"minecraft:brown_mushroom":1,"minecraft:red_mushroom":2,"minecraft:brown_bed":1,"minecraft:enchanted_book":2,"minecraft:flint":1,"minecraft:oak_log":117,"minecraft:brewing_stand":1,"minecraft:cornflower":4,"minecraft:dirt":10,"minecraft:string":1,"minecraft:iron_axe":2,"minecraft:experience_bottle":1,"minecraft:cooked_mutton":7,"affinity:wispen_testament":1,"minecraft:zombie_head":1,"minecraft:apple":7,"minecraft:wheat_seeds":37,"minecraft:cobbled_deepslate":2,"minecraft:iron_ingot":5,"minecraft:stone_pickaxe":3,"minecraft:azalea":2,"minecraft:gray_bed":2,"minecraft:chest":1,"minecraft:sugar_cane":5,"minecraft:oak_planks":91,"minecraft:soul_sand":6,"minecraft:iron_boots":2,"minecraft:egg":2,"minecraft:polished_andesite_stairs":2,"minecraft:stick":14,"minecraft:raw_iron":2,"minecraft:torch":42,"minecraft:gravel":2,"minecraft:carrot":4,"minecraft:diamond_shovel":1,"minecraft:dark_oak_planks":2,"minecraft:oak_wood":15,"minecraft:stone_sword":2,"minecraft:purple_candle":3,"minecraft:pumpkin_seeds":2,"minecraft:rotten_flesh":38,"minecraft:stone_axe":1,"minecraft:soul_lantern":1,"create:ochrum":1,"minecraft:iron_helmet":1,"minecraft:hay_block":12,"minecraft:bread":71,"minecraft:glow_berries":1,"minecraft:white_wool":4,"minecraft:dark_oak_wood":2,"minecraft:bone_block":41,"minecraft:mutton":4,"minecraft:coal":24,"minecraft:skeleton_skull":2,"minecraft:sunflower":3,"minecraft:cobblestone":18},"minecraft:mined":{"minecraft:soul_sand":6,"minecraft:soul_lantern":1,"minecraft:purple_candle":2,"minecraft:brewing_stand":1,"minecraft:cornflower":1,"minecraft:torch":1,"minecraft:dark_oak_wood":3,"minecraft:grass_block":6,"minecraft:oak_wood":19,"minecraft:polished_andesite_stairs":1,"minecraft:chest":1,"create:ochrum":1,"minecraft:tall_grass":8,"minecraft:sugar_cane":3,"minecraft:oak_planks":5,"minecraft:wall_torch":1,"minecraft:spawner":7,"minecraft:large_fern":7,"minecraft:skeleton_skull":1,"minecraft:hay_block":12,"minecraft:iron_ore":2,"minecraft:wheat":12,"minecraft:gray_bed":2,"minecraft:brown_bed":1,"minecraft:grass":58,"minecraft:coal_ore":18,"minecraft:oak_log":96,"minecraft:zombie_head":1,"minecraft:sunflower":6,"minecraft:gravel":3,"minecraft:dirt":3,"minecraft:azalea_leaves":8,"minecraft:azalea":1,"minecraft:stone":18,"minecraft:bone_block":43,"create_dd:tin_ore":2,"minecraft:deepslate":2},"minecraft:broken":{"minecraft:stone_axe":1},"minecraft:killed_by":{"minecraft:zombie":4},"minecraft:killed":{"minecraft:spider":2,"minecraft:sheep":3,"minecraft:zombie":20},"minecraft:crafted":{"minecraft:oak_planks":72,"minecraft:crafting_table":1,"minecraft:wooden_pickaxe":1,"minecraft:bucket":1,"minecraft:stone_axe":1,"minecraft:bread":21,"minecraft:cooked_mutton":16,"minecraft:air":0,"minecraft:wooden_hoe":1,"minecraft:charcoal":6,"minecraft:stick":32,"minecraft:iron_ingot":2,"minecraft:stone_pickaxe":1,"minecraft:stone_sword":1,"minecraft:dark_oak_planks":8,"minecraft:torch":88,"minecraft:wheat":108},"minecraft:used":{"minecraft:azalea":2,"minecraft:wheat_seeds":22,"minecraft:cooked_mutton":2,"minecraft:water_bucket":1,"minecraft:stone_sword":93,"minecraft:purple_candle":3,"minecraft:iron_shovel":11,"minecraft:stone_pickaxe":92,"minecraft:oak_planks":16,"minecraft:chest":1,"minecraft:wooden_pickaxe":13,"minecraft:torch":51,"minecraft:glow_berries":1,"minecraft:dirt":6,"minecraft:crafting_table":2,"minecraft:carrot":1,"minecraft:oak_log":4,"minecraft:wooden_hoe":92,"minecraft:cornflower":1,"minecraft:apple":14,"minecraft:zombie_head":1,"minecraft:sunflower":1,"minecraft:bread":13,"minecraft:iron_axe":39,"minecraft:polished_andesite_stairs":1,"minecraft:gravel":2,"minecraft:stone_axe":139,"minecraft:soul_lantern":1,"minecraft:gray_bed":2,"minecraft:bucket":1,"minecraft:iron_leggings":1,"minecraft:egg":2,"minecraft:potato":6},"minecraft:dropped":{"minecraft:bread":29,"minecraft:iron_boots":1,"minecraft:cooked_mutton":7,"minecraft:saddle":1,"minecraft:pumpkin_seeds":1,"minecraft:torch":18,"minecraft:sunflower":1,"minecraft:stone_pickaxe":1,"minecraft:iron_axe":1}},"DataVersion":3465}